,MachineIdentifier,ProductName,EngineVersion,AppVersion,AvSigVersion,IsBeta,RtpStateBitfield,IsSxsPassiveMode,DefaultBrowsersIdentifier,AVProductStatesIdentifier,AVProductsInstalled,AVProductsEnabled,HasTpm,CountryIdentifier,CityIdentifier,OrganizationIdentifier,GeoNameIdentifier,LocaleEnglishNameIdentifier,Platform,Processor,OsVer,OsBuild,OsSuite,OsPlatformSubRelease,OsBuildLab,SkuEdition,IsProtected,AutoSampleOptIn,PuaMode,SMode,IeVerIdentifier,SmartScreen,Firewall,UacLuaenable,Census_MDC2FormFactor,Census_DeviceFamily,Census_OEMNameIdentifier,Census_OEMModelIdentifier,Census_ProcessorCoreCount,Census_ProcessorManufacturerIdentifier,Census_ProcessorModelIdentifier,Census_ProcessorClass,Census_PrimaryDiskTotalCapacity,Census_PrimaryDiskTypeName,Census_SystemVolumeTotalCapacity,Census_HasOpticalDiskDrive,Census_TotalPhysicalRAM,Census_ChassisTypeName,Census_InternalPrimaryDiagonalDisplaySizeInInches,Census_InternalPrimaryDisplayResolutionHorizontal,Census_InternalPrimaryDisplayResolutionVertical,Census_PowerPlatformRoleName,Census_InternalBatteryType,Census_InternalBatteryNumberOfCharges,Census_OSVersion,Census_OSArchitecture,Census_OSBranch,Census_OSBuildNumber,Census_OSBuildRevision,Census_OSEdition,Census_OSSkuName,Census_OSInstallTypeName,Census_OSInstallLanguageIdentifier,Census_OSUILocaleIdentifier,Census_OSWUAutoUpdateOptionsName,Census_IsPortableOperatingSystem,Census_GenuineStateName,Census_ActivationChannel,Census_IsFlightingInternal,Census_IsFlightsDisabled,Census_FlightRing,Census_ThresholdOptIn,Census_FirmwareManufacturerIdentifier,Census_FirmwareVersionIdentifier,Census_IsSecureBootEnabled,Census_IsWIMBootEnabled,Census_IsVirtualDevice,Census_IsTouchEnabled,Census_IsPenCapable,Census_IsAlwaysOnAlwaysConnectedCapable,Wdft_IsGamer,Wdft_RegionIdentifier,HasDetections
0,0000028988387b115f69f31a3bf04f09,win8defender,1.1.15100.1,4.18.1807.18075,1.273.1735.0,0,7.0,0,,53447.0,1.0,1.0,1,29,128035.0,18.0,35.0,171,windows10,x64,10.0.0.0,17134,256,rs4,17134.1.amd64fre.rs4_release.180410-1804,Pro,1.0,0,,0.0,137.0,,1.0,1.0,Desktop,Windows.Desktop,2668.0,9124.0,4.0,5.0,2341.0,,476940.0,HDD,299451.0,0,4096.0,Desktop,18.9,1440.0,900.0,Desktop,,4294967295.0,10.0.17134.165,amd64,rs4_release,17134,165,Professional,PROFESSIONAL,UUPUpgrade,26.0,119,UNKNOWN,0,IS_GENUINE,Retail,,0.0,Retail,,628.0,36144.0,0,,0.0,0,0,0.0,0.0,10.0,0
1,000007535c3f730efa9ea0b7ef1bd645,win8defender,1.1.14600.4,4.13.17134.1,1.263.48.0,0,7.0,0,,53447.0,1.0,1.0,1,93,1482.0,18.0,119.0,64,windows10,x64,10.0.0.0,17134,256,rs4,17134.1.amd64fre.rs4_release.180410-1804,Pro,1.0,0,,0.0,137.0,,1.0,1.0,Notebook,Windows.Desktop,2668.0,91656.0,4.0,5.0,2405.0,,476940.0,HDD,102385.0,0,4096.0,Notebook,13.9,1366.0,768.0,Mobile,,1.0,10.0.17134.1,amd64,rs4_release,17134,1,Professional,PROFESSIONAL,IBSClean,8.0,31,UNKNOWN,0,OFFLINE,Retail,,0.0,NOT_SET,,628.0,57858.0,0,,0.0,0,0,0.0,0.0,8.0,0
2,000007905a28d863f6d0d597892cd692,win8defender,1.1.15100.1,4.18.1807.18075,1.273.1341.0,0,7.0,0,,53447.0,1.0,1.0,1,86,153579.0,18.0,64.0,49,windows10,x64,10.0.0.0,17134,768,rs4,17134.1.amd64fre.rs4_release.180410-1804,Home,1.0,0,,0.0,137.0,RequireAdmin,1.0,1.0,Desktop,Windows.Desktop,4909.0,317701.0,4.0,5.0,1972.0,,114473.0,SSD,113907.0,0,4096.0,Desktop,21.5,1920.0,1080.0,Desktop,,4294967295.0,10.0.17134.165,amd64,rs4_release,17134,165,Core,CORE,UUPUpgrade,7.0,30,FullAuto,0,IS_GENUINE,OEM:NONSLP,,0.0,Retail,,142.0,52682.0,0,,0.0,0,0,0.0,0.0,3.0,0
3,00000b11598a75ea8ba1beea8459149f,win8defender,1.1.15100.1,4.18.1807.18075,1.273.1527.0,0,7.0,0,,53447.0,1.0,1.0,1,88,20710.0,,117.0,115,windows10,x64,10.0.0.0,17134,256,rs4,17134.1.amd64fre.rs4_release.180410-1804,Pro,1.0,0,,0.0,137.0,ExistsNotSet,1.0,1.0,Desktop,Windows.Desktop,1443.0,275890.0,4.0,5.0,2273.0,,238475.0,UNKNOWN,227116.0,0,4096.0,MiniTower,18.5,1366.0,768.0,Desktop,,4294967295.0,10.0.17134.228,amd64,rs4_release,17134,228,Professional,PROFESSIONAL,UUPUpgrade,17.0,64,FullAuto,0,IS_GENUINE,OEM:NONSLP,,0.0,Retail,,355.0,20050.0,0,,0.0,0,0,0.0,0.0,3.0,1
4,000014a5f00daa18e76b81417eeb99fc,win8defender,1.1.15100.1,4.18.1807.18075,1.273.1379.0,0,7.0,0,,53447.0,1.0,1.0,1,18,37376.0,,277.0,75,windows10,x64,10.0.0.0,17134,768,rs4,17134.1.amd64fre.rs4_release.180410-1804,Home,1.0,0,,0.0,137.0,RequireAdmin,1.0,1.0,Notebook,Windows.Desktop,1443.0,331929.0,4.0,5.0,2500.0,,476940.0,HDD,101900.0,0,6144.0,Portable,14.0,1366.0,768.0,Mobile,lion,0.0,10.0.17134.191,amd64,rs4_release,17134,191,Core,CORE,Update,8.0,31,FullAuto,0,IS_GENUINE,Retail,0.0,0.0,Retail,0.0,355.0,19844.0,0,0.0,0.0,0,0,0.0,0.0,1.0,1
5,000016191b897145d069102325cab760,win8defender,1.1.15100.1,4.18.1807.18075,1.273.1094.0,0,7.0,0,,53447.0,1.0,1.0,1,97,13598.0,27.0,126.0,124,windows10,x64,10.0.0.0,17134,256,rs4,17134.1.amd64fre.rs4_release.180410-1804,Pro,1.0,0,,0.0,137.0,RequireAdmin,1.0,1.0,Desktop,Windows.Desktop,3799.0,340727.0,2.0,5.0,4324.0,,114473.0,SSD,113671.0,0,8192.0,Desktop,21.5,1920.0,1080.0,Desktop,,4294967295.0,10.0.17134.165,amd64,rs4_release,17134,165,Professional,PROFESSIONAL,UUPUpgrade,18.0,72,FullAuto,0,IS_GENUINE,Retail,0.0,0.0,Retail,0.0,93.0,51039.0,0,0.0,0.0,0,0,0.0,0.0,15.0,1
6,0000161e8abf8d8b89c5ab8787fd712b,win8defender,1.1.15100.1,4.18.1807.18075,1.273.845.0,0,7.0,0,,43927.0,2.0,1.0,1,78,81215.0,,89.0,88,windows10,x64,10.0.0.0,17134,768,rs4,17134.1.amd64fre.rs4_release.180410-1804,Home,1.0,0,,0.0,137.0,,1.0,1.0,Notebook,Windows.Desktop,3799.0,207404.0,2.0,1.0,657.0,,476940.0,HDD,458702.0,0,4096.0,Notebook,17.2,1600.0,900.0,Mobile,,0.0,10.0.17134.165,amd64,rs4_release,17134,165,Core,CORE,IBSClean,14.0,49,FullAuto,0,IS_GENUINE,Retail,,0.0,Retail,,556.0,63175.0,1,,0.0,0,0,0.0,0.0,10.0,1
7,000019515bc8f95851aff6de873405e8,win8defender,1.1.15100.1,4.18.1807.18075,1.273.1393.0,0,7.0,0,,53447.0,1.0,1.0,1,97,150323.0,27.0,126.0,124,windows10,x64,10.0.0.0,14393,768,rs1,14393.0.amd64fre.rs1_release.160715-1616,Home,1.0,0,,0.0,94.0,RequireAdmin,1.0,1.0,Notebook,Windows.Desktop,5682.0,338896.0,2.0,5.0,3381.0,,305245.0,HDD,290807.0,1,4096.0,Notebook,15.5,1366.0,768.0,Mobile,lion,0.0,10.0.14393.0,amd64,rs1_release,14393,0,Core,CORE,Upgrade,18.0,72,FullAuto,0,IS_GENUINE,Retail,0.0,0.0,Retail,0.0,512.0,63122.0,0,0.0,0.0,0,0,0.0,0.0,15.0,0
8,00001a027a0ab970c408182df8484fce,win8defender,1.1.15200.1,4.18.1807.18075,1.275.988.0,0,7.0,0,,53447.0,1.0,1.0,1,164,155006.0,27.0,205.0,172,windows10,x64,10.0.0.0,17134,256,rs4,17134.1.amd64fre.rs4_release.180410-1804,Pro,1.0,0,,0.0,137.0,RequireAdmin,1.0,1.0,Notebook,Windows.Desktop,2206.0,240688.0,4.0,5.0,2836.0,,305245.0,HDD,303892.0,0,4096.0,Notebook,15.6,1920.0,1080.0,Mobile,lion,0.0,10.0.17134.254,amd64,rs4_release,17134,254,Professional,PROFESSIONAL,Update,27.0,120,FullAuto,0,IS_GENUINE,Retail,,0.0,Retail,0.0,500.0,15510.0,0,0.0,0.0,0,0,0.0,0.0,15.0,0
9,00001a18d69bb60bda9779408dcf02ac,win8defender,1.1.15100.1,4.18.1807.18075,1.273.973.0,0,7.0,0,,46413.0,2.0,1.0,1,93,98572.0,27.0,119.0,64,windows10,x64,10.0.0.0,16299,768,rs3,16299.431.amd64fre.rs3_release_svc_escrow.180502-1908,Home,1.0,0,,0.0,,RequireAdmin,1.0,1.0,Notebook,Windows.Desktop,585.0,189457.0,4.0,5.0,2373.0,,953869.0,HDD,203252.0,1,8192.0,Notebook,15.5,1366.0,768.0,Mobile,lion,0.0,10.0.16299.431,amd64,rs3_release_svc_escrow,16299,431,CoreSingleLanguage,CORE_SINGLELANGUAGE,Upgrade,8.0,31,UNKNOWN,0,IS_GENUINE,OEM:DM,,0.0,Retail,0.0,556.0,63555.0,1,0.0,0.0,0,0,0.0,1.0,8.0,1
10,00001b3b3cf8c8c079a272ce51031753,win8defender,1.1.15100.1,4.18.1807.18075,1.273.869.0,0,7.0,0,,53447.0,1.0,1.0,1,107,133897.0,46.0,138.0,134,windows10,arm64,10.0.0.0,17134,256,rs4,17134.1.arm64fre.rs4_release.180410-1804,Pro,1.0,0,,0.0,137.0,,1.0,1.0,Detachable,Windows.Desktop,4143.0,227191.0,8.0,10.0,4425.0,,121676.0,SSD,120786.0,0,4096.0,Detachable,11.9,2160.0,1440.0,Slate,,18.0,10.0.17134.167,arm64,rs4_release,17134,167,Core,CORE,Other,8.0,31,FullAuto,0,IS_GENUINE,Retail,,0.0,Retail,,845.0,50922.0,0,,0.0,1,1,1.0,0.0,1.0,0
11,00001b924fcc6922321cfadbafd8a91a,win8defender,1.1.15100.1,4.18.1807.18075,1.273.1826.0,0,7.0,0,,47238.0,2.0,1.0,1,164,120983.0,27.0,205.0,172,windows10,x64,10.0.0.0,17134,768,rs4,17134.1.amd64fre.rs4_release.180410-1804,Home,1.0,0,,0.0,137.0,,1.0,1.0,Notebook,Windows.Desktop,2668.0,172079.0,2.0,5.0,2097.0,,122104.0,SSD,120827.0,0,4096.0,Notebook,13.9,1366.0,768.0,Mobile,,7.0,10.0.17134.228,amd64,rs4_release,17134,228,Core,CORE,Upgrade,27.0,120,FullAuto,0,IS_GENUINE,OEM:DM,,0.0,Retail,,628.0,15816.0,1,,0.0,0,0,0.0,0.0,15.0,1
12,00001f26e9e5775277d6231fc6ac9e70,win8defender,1.1.15100.1,4.18.1807.18075,1.273.1372.0,0,7.0,0,,36429.0,2.0,1.0,1,80,7198.0,27.0,101.0,107,windows10,x64,10.0.0.0,17134,256,rs4,17134.1.amd64fre.rs4_release.180410-1804,Pro,1.0,0,,0.0,137.0,,1.0,1.0,Desktop,Windows.Desktop,2102.0,250496.0,4.0,5.0,2407.0,,476940.0,HDD,456309.0,0,4096.0,Desktop,18.5,1366.0,768.0,Desktop,,4294967295.0,10.0.17134.191,amd64,rs4_release,17134,191,Professional,PROFESSIONAL,UUPUpgrade,6.0,28,FullAuto,0,IS_GENUINE,OEM:DM,,0.0,Retail,,486.0,51601.0,1,,0.0,0,0,0.0,1.0,3.0,0
13,000024872c81cf03fa862aa8f99e0984,win8defender,1.1.15200.1,4.18.1807.18075,1.275.895.0,0,7.0,0,,53447.0,1.0,1.0,1,171,124736.0,,211.0,182,windows10,x64,10.0.0.0,17134,256,rs4,17134.1.amd64fre.rs4_release.180410-1804,Pro,1.0,0,,0.0,137.0,RequireAdmin,1.0,1.0,Desktop,Windows.Desktop,4589.0,313586.0,2.0,5.0,3470.0,,953869.0,HDD,953034.0,0,8192.0,Desktop,21.5,1920.0,1080.0,Desktop,,4294967295.0,10.0.17134.228,amd64,rs4_release,17134,228,Professional,PROFESSIONAL,UUPUpgrade,29.0,125,FullAuto,0,IS_GENUINE,OEM:NONSLP,,0.0,Retail,,142.0,11081.0,0,,0.0,0,0,0.0,0.0,3.0,0
14,0000258d2b847c7549150cfec6464473,win8defender,1.1.15100.1,4.18.1807.18075,1.273.925.0,0,7.0,0,,7945.0,2.0,1.0,1,169,141516.0,27.0,209.0,74,windows10,x64,10.0.0.0,17134,768,rs4,17134.1.amd64fre.rs4_release.180410-1804,Home,1.0,0,,0.0,137.0,Off,1.0,1.0,Notebook,Windows.Desktop,525.0,225830.0,8.0,5.0,3082.0,,953869.0,HDD,252439.0,0,8192.0,Notebook,15.5,1920.0,1080.0,Mobile,,33.0,10.0.17134.191,amd64,rs4_release,17134,191,Core,CORE,Clean,7.0,30,FullAuto,0,IS_GENUINE,Retail,,0.0,Retail,,142.0,38347.0,0,,0.0,0,0,0.0,1.0,3.0,1
15,000027c68b89acb49d4017763b043449,win8defender,1.1.15200.1,4.18.1807.18075,1.275.130.0,0,7.0,0,,47238.0,2.0,1.0,1,157,114477.0,27.0,199.0,75,windows10,x64,10.0.0.0,17134,256,rs4,17134.1.amd64fre.rs4_release.180410-1804,Pro,1.0,0,,0.0,137.0,ExistsNotSet,1.0,1.0,Notebook,Windows.Desktop,1443.0,256567.0,4.0,5.0,2373.0,,476940.0,HDD,463540.0,0,4096.0,Laptop,13.9,1366.0,768.0,Mobile,lion,0.0,10.0.17134.228,amd64,rs4_release,17134,228,Professional,PROFESSIONAL,UUPUpgrade,8.0,31,FullAuto,0,IS_GENUINE,OEM:DM,,0.0,Retail,0.0,355.0,19951.0,1,0.0,0.0,0,0,0.0,0.0,1.0,1
16,000028150912f45b1dc667164de489ef,mse,1.1.15200.1,4.9.218.0,1.275.300.0,0,7.0,0,,29199.0,1.0,1.0,0,80,7198.0,27.0,101.0,107,windows7,x64,6.1.1.0,7601,768,windows7,7601.18409.amd64fre.win7sp1_gdr.140303-2144,Invalid,1.0,0,,0.0,290.0,,1.0,0.0,Notebook,Windows.Desktop,1781.0,185880.0,2.0,1.0,1458.0,,305245.0,HDD,305142.0,1,4096.0,Notebook,17.1,1440.0,900.0,Mobile,lion,0.0,10.0.10586.164,amd64,th2_release,10586,164,Core,CORE,Update,6.0,28,FullAuto,0,IS_GENUINE,Retail,,,Retail,0.0,803.0,64575.0,0,0.0,0.0,0,0,0.0,0.0,3.0,0
17,00002a7fd74f9ca4a59a679a7cc80388,win8defender,1.1.15100.1,4.18.1806.18062,1.273.466.0,0,0.0,1,,39.0,1.0,1.0,1,93,64168.0,18.0,277.0,75,windows10,x64,10.0.0.0,16299,256,rs3,16299.431.amd64fre.rs3_release_svc_escrow.180502-1908,Pro,1.0,0,,0.0,117.0,,1.0,1.0,Notebook,Windows.Desktop,2668.0,171199.0,4.0,5.0,2660.0,,953869.0,HDD,99500.0,0,8192.0,Notebook,15.5,1920.0,1080.0,Mobile,,0.0,10.0.17134.191,amd64,rs4_release,17134,191,Professional,PROFESSIONAL,UUPUpgrade,8.0,31,FullAuto,0,INVALID_LICENSE,Retail,,0.0,Unknown,,628.0,27266.0,0,,0.0,0,0,0.0,0.0,8.0,0
18,00002b7454f06444e8d9f6083d8a9ebd,win8defender,1.1.15300.6,4.18.1809.2,1.277.48.0,0,7.0,0,,53447.0,1.0,1.0,1,178,136271.0,27.0,230.0,71,windows10,x64,10.0.0.0,17134,768,rs4,17134.1.amd64fre.rs4_release.180410-1804,Home,1.0,0,,,137.0,,1.0,1.0,Notebook,Windows.Desktop,666.0,264568.0,4.0,5.0,2665.0,,477102.0,SSD,48602.0,0,8192.0,Laptop,13.3,2560.0,1600.0,Mobile,,0.0,10.0.17134.285,amd64,rs4_release,17134,285,Core,CORE,IBSClean,7.0,30,FullAuto,0,INVALID_LICENSE,Retail,,0.0,Retail,,152.0,45542.0,0,,0.0,0,0,0.0,1.0,1.0,0
19,00002c6cccecdef94aaa557d0458ab8a,win8defender,1.1.15100.1,4.18.1807.18075,1.273.1795.0,0,7.0,0,,47238.0,2.0,1.0,1,158,79230.0,18.0,202.0,70,windows10,x64,10.0.0.0,16299,768,rs3,16299.15.amd64fre.rs3_release.170928-1534,Home,1.0,0,,0.0,111.0,RequireAdmin,1.0,1.0,Notebook,Windows.Desktop,2668.0,171331.0,4.0,1.0,212.0,,476940.0,HDD,432003.0,0,4096.0,Notebook,15.5,1366.0,768.0,Mobile,,0.0,10.0.16299.309,amd64,rs3_release,16299,309,CoreSingleLanguage,CORE_SINGLELANGUAGE,UUPUpgrade,8.0,31,Notify,0,IS_GENUINE,OEM:DM,,0.0,Retail,,644.0,8919.0,1,,0.0,0,0,0.0,1.0,1.0,1
20,0000309dcbba938f8aa7ee5a0204119d,win8defender,1.1.15100.1,4.10.209.0,1.273.781.0,0,7.0,0,,53447.0,1.0,1.0,1,93,,27.0,119.0,64,windows8,x86,6.3.0.0,9600,256,windows8.1,9600.19067.x86fre.winblue_ltsb_escrow.180619-2033,Pro,1.0,0,,0.0,333.0,RequireAdmin,1.0,1.0,Notebook,Windows.Desktop,2668.0,35125.0,2.0,5.0,3423.0,,238475.0,HDD,71532.0,0,2048.0,Notebook,14.0,1366.0,768.0,Mobile,,,10.0.14393.0,x86,rs1_release,14393,0,Core,CORE,IBSClean,8.0,31,UNKNOWN,0,INVALID_LICENSE,Retail,,0.0,Retail,,628.0,39482.0,0,,0.0,0,0,0.0,0.0,8.0,0
21,000033565d8f7a3029afd1d6c4c465e9,win8defender,1.1.15100.1,4.8.10240.17914,1.273.356.0,0,7.0,0,,53447.0,1.0,1.0,1,43,12607.0,27.0,53.0,42,windows10,x64,10.0.0.0,10240,256,th1,10240.17914.amd64fre.th1.180627-1911,Enterprise LTSB,1.0,0,,0.0,65.0,RequireAdmin,1.0,1.0,Notebook,Windows.Desktop,666.0,264571.0,4.0,5.0,2699.0,,477102.0,SSD,363314.0,0,8192.0,Laptop,13.3,2560.0,1600.0,Mobile,lion,0.0,10.0.10240.17914,amd64,th1_st1,10240,17914,EnterpriseS,ENTERPRISE_S,IBSClean,37.0,158,UNKNOWN,0,IS_GENUINE,Volume:GVLK,0.0,0.0,NOT_SET,0.0,,,0,0.0,0.0,0,0,0.0,1.0,7.0,1
22,0000378813e163d00d5e5f7e0a12b6d9,win8defender,1.1.15200.1,4.18.1807.18075,1.275.488.0,0,7.0,0,,53447.0,1.0,1.0,1,147,77794.0,,187.0,74,windows10,x64,10.0.0.0,17134,256,rs4,17134.1.amd64fre.rs4_release.180410-1804,Pro,1.0,0,,0.0,137.0,RequireAdmin,1.0,1.0,Notebook,Windows.Desktop,2102.0,249943.0,4.0,5.0,2660.0,,476940.0,HDD,455657.0,0,4096.0,Notebook,13.9,1366.0,768.0,Mobile,,0.0,10.0.17134.228,amd64,rs4_release,17134,228,Professional,PROFESSIONAL,Update,8.0,31,FullAuto,0,IS_GENUINE,OEM:DM,,0.0,Retail,,486.0,48686.0,1,,0.0,0,0,0.0,0.0,11.0,0
23,000037f84e21c83328ba6963cdac497b,win8defender,1.1.15200.1,4.18.1807.18075,1.275.173.0,0,7.0,0,,7945.0,2.0,1.0,1,12,110781.0,27.0,15.0,58,windows10,x64,10.0.0.0,17134,768,rs4,17134.1.amd64fre.rs4_release.180410-1804,Home,1.0,0,,0.0,137.0,RequireAdmin,1.0,1.0,Notebook,Windows.Desktop,2653.0,304618.0,4.0,5.0,2697.0,,228936.0,SSD,228106.0,0,8192.0,Laptop,13.2,1920.0,1080.0,Mobile,,0.0,10.0.17134.228,amd64,rs4_release,17134,228,Core,CORE,UUPUpgrade,8.0,31,FullAuto,0,IS_GENUINE,OEM:DM,,0.0,Retail,,142.0,12463.0,0,,0.0,0,0,0.0,1.0,2.0,0
24,000038f24a1ee98931456b3e49f7934b,win8defender,1.1.15200.1,4.18.1806.18062,1.275.879.0,0,7.0,0,,53447.0,1.0,1.0,1,203,143782.0,27.0,255.0,46,windows10,x86,10.0.0.0,17134,256,rs4,17134.1.x86fre.rs4_release.180410-1804,Pro,1.0,0,,0.0,137.0,ExistsNotSet,1.0,1.0,Desktop,Windows.Desktop,585.0,189698.0,4.0,5.0,2453.0,,953869.0,HDD,543445.0,0,6144.0,Desktop,24.0,1920.0,1080.0,Desktop,,4294967295.0,10.0.17134.137,x86,rs4_release,17134,137,Professional,PROFESSIONAL,UUPUpgrade,39.0,160,Notify,0,IS_GENUINE,Retail,,0.0,Retail,0.0,142.0,51032.0,0,0.0,0.0,0,0,0.0,0.0,7.0,0
25,000039104d7f42c15fdc0d1bcb9d4b4a,win8defender,1.1.15200.1,4.18.1807.18075,1.275.91.0,0,7.0,0,1950.0,53447.0,1.0,1.0,1,43,37357.0,27.0,53.0,42,windows10,x86,10.0.0.0,16299,256,rs3,16299.15.x86fre.rs3_release.170928-1534,Pro,1.0,0,,0.0,117.0,RequireAdmin,1.0,1.0,Desktop,Windows.Desktop,4589.0,313586.0,2.0,1.0,451.0,,476940.0,Unspecified,51207.0,0,2048.0,Desktop,17.7,1440.0,900.0,Desktop,,4294967295.0,10.0.16299.125,x86,rs3_release,16299,125,Professional,PROFESSIONAL,Update,37.0,158,UNKNOWN,0,IS_GENUINE,Retail,,0.0,Retail,0.0,142.0,3120.0,0,0.0,0.0,0,0,0.0,0.0,7.0,0
26,000039c280a86ff549f7f3526e918ae4,win8defender,1.1.15100.1,4.18.1807.18075,1.273.1376.0,0,7.0,0,,53447.0,1.0,1.0,1,205,11382.0,,274.0,266,windows10,x64,10.0.0.0,17134,256,rs4,17134.1.amd64fre.rs4_release.180410-1804,Pro,1.0,0,,0.0,137.0,,1.0,1.0,Desktop,Windows.Desktop,2206.0,251773.0,4.0,5.0,2267.0,,476940.0,HDD,109434.0,0,4096.0,Desktop,23.0,1920.0,1080.0,Workstation,,4294967295.0,10.0.17134.191,amd64,rs4_release,17134,191,Professional,PROFESSIONAL,UUPUpgrade,29.0,125,FullAuto,0,IS_GENUINE,OEM:NONSLP,,0.0,Retail,,93.0,40479.0,0,,0.0,1,0,0.0,0.0,3.0,1
27,00003ad63e561a25415551cd47d426d5,win8defender,1.1.15300.6,4.13.17134.1,1.277.25.0,0,7.0,0,,53447.0,1.0,1.0,1,171,110673.0,,211.0,182,windows10,x64,10.0.0.0,17134,768,rs4,17134.1.amd64fre.rs4_release.180410-1804,Home,1.0,0,,0.0,137.0,,1.0,1.0,Notebook,Windows.Desktop,525.0,331297.0,4.0,5.0,2660.0,,476940.0,HDD,476325.0,0,4096.0,Notebook,15.5,1366.0,768.0,Mobile,,276.0,10.0.17134.112,amd64,rs4_release,17134,112,CoreSingleLanguage,CORE_SINGLELANGUAGE,IBSClean,29.0,125,UNKNOWN,0,IS_GENUINE,OEM:DM,,0.0,Retail,,142.0,70432.0,0,,0.0,0,0,0.0,0.0,3.0,0
28,00003e5e679ccfe7a13e953c47dd584f,win8defender,1.1.15200.1,4.18.1807.18075,1.275.26.0,0,7.0,0,,53447.0,1.0,1.0,1,199,150207.0,27.0,266.0,75,windows10,x64,10.0.0.0,17134,256,rs4,17134.1.amd64fre.rs4_release.180410-1804,Pro,1.0,0,,0.0,137.0,,1.0,1.0,PCOther,Windows.Desktop,2102.0,230160.0,4.0,5.0,2407.0,,476940.0,HDD,249385.0,0,4096.0,Desktop,20.7,1920.0,1080.0,Desktop,,4294967295.0,10.0.17134.228,amd64,rs4_release,17134,228,Professional,PROFESSIONAL,Reset,14.0,49,FullAuto,0,IS_GENUINE,Volume:GVLK,,0.0,Retail,,93.0,2499.0,0,,0.0,0,0,0.0,0.0,11.0,1
29,0000422df51e713f82b98e04cb883cb5,win8defender,1.1.15100.1,4.18.1807.18075,1.273.1561.0,0,7.0,0,,53447.0,1.0,1.0,1,9,20805.0,27.0,10.0,214,windows10,x64,10.0.0.0,16299,256,rs3,16299.15.amd64fre.rs3_release.170928-1534,Pro,1.0,0,,0.0,111.0,,1.0,1.0,Desktop,Windows.Desktop,1980.0,227527.0,8.0,5.0,3079.0,,953869.0,HDD,953318.0,0,8192.0,Desktop,18.5,1366.0,768.0,Desktop,,4294967295.0,10.0.16299.15,amd64,rs3_release,16299,15,Professional,PROFESSIONAL,IBSClean,10.0,35,UNKNOWN,0,IS_GENUINE,OEM:NONSLP,,0.0,Retail,,142.0,33968.0,0,,0.0,0,0,0.0,0.0,10.0,1
30,00004348c2a11460f58a9ae6bca70e2e,win8defender,1.1.15200.1,4.18.1807.18075,1.275.1025.0,0,7.0,0,,53447.0,1.0,1.0,1,68,59605.0,27.0,276.0,74,windows10,x86,10.0.0.0,14393,256,rs1,14393.576.x86fre.rs1_release_inmarket.161208-2252,Pro,1.0,0,,0.0,94.0,RequireAdmin,1.0,1.0,Notebook,Windows.Desktop,4730.0,311910.0,2.0,5.0,3267.0,,305245.0,HDD,152125.0,0,4096.0,Notebook,15.5,1366.0,768.0,Mobile,li-i,0.0,10.0.14393.576,x86,rs1_release,14393,576,Professional,PROFESSIONAL,Update,7.0,30,Notify,0,IS_GENUINE,Retail,0.0,0.0,Retail,0.0,897.0,64640.0,0,0.0,0.0,0,0,0.0,1.0,12.0,0
31,000043b6d35721598e8bc43f8c354124,win8defender,1.1.13504.0,4.13.17134.228,1.237.607.0,0,7.0,0,146.0,36505.0,2.0,1.0,1,201,,27.0,267.0,251,windows10,x64,10.0.0.0,17134,768,rs4,17134.1.amd64fre.rs4_release.180410-1804,Home,0.0,0,,0.0,137.0,RequireAdmin,1.0,1.0,Notebook,Windows.Desktop,2206.0,244755.0,4.0,1.0,62.0,,953869.0,HDD,465833.0,0,12288.0,Notebook,15.5,1366.0,768.0,Mobile,lion,260.0,10.0.17134.285,amd64,rs4_release,17134,285,CoreSingleLanguage,CORE_SINGLELANGUAGE,Upgrade,35.0,148,FullAuto,0,IS_GENUINE,Retail,,0.0,Retail,0.0,142.0,33123.0,1,0.0,0.0,0,0,0.0,0.0,11.0,0
32,000046e59c37136173428e560acbe3a2,win8defender,1.1.15200.1,4.18.1807.18075,1.275.511.0,0,7.0,0,,46669.0,2.0,1.0,1,141,60626.0,27.0,240.0,233,windows10,x64,10.0.0.0,15063,768,rs2,15063.0.amd64fre.rs2_release.170317-1834,Home,1.0,0,,0.0,108.0,,1.0,1.0,Notebook,Windows.Desktop,2668.0,171476.0,2.0,5.0,2097.0,,476940.0,HDD,450063.0,0,2048.0,Notebook,13.9,1366.0,768.0,Mobile,,0.0,10.0.15063.1266,amd64,rs2_release,15063,1266,CoreSingleLanguage,CORE_SINGLELANGUAGE,Reset,9.0,34,Notify,0,IS_GENUINE,OEM:DM,,0.0,Retail,,628.0,13190.0,1,,0.0,0,0,0.0,1.0,10.0,1
33,000048a73fb4b6a94cc169389208032d,win8defender,1.1.15200.1,4.18.1807.18075,1.275.482.0,0,7.0,0,,53447.0,1.0,1.0,1,68,162796.0,27.0,276.0,74,windows10,x64,10.0.0.0,17134,768,rs4,17134.1.amd64fre.rs4_release.180410-1804,Home,1.0,0,,0.0,137.0,,1.0,1.0,Desktop,Windows.Desktop,1980.0,333466.0,4.0,5.0,2509.0,,244198.0,SSD,244096.0,1,16384.0,Desktop,27.0,1920.0,1200.0,Desktop,,4294967295.0,10.0.17134.1,amd64,rs4_release,17134,1,Core,CORE,UUPUpgrade,8.0,31,Notify,0,IS_GENUINE,Retail,,0.0,Unknown,,168.0,33357.0,0,,0.0,1,0,0.0,0.0,12.0,1
34,00004a558a836aa7b6ca3a29ed4a0ac3,win8defender,1.1.15100.1,4.12.16299.15,1.273.1622.0,0,7.0,0,,16847.0,2.0,1.0,1,35,148234.0,27.0,45.0,60,windows10,x64,10.0.0.0,16299,768,rs3,16299.431.amd64fre.rs3_release_svc_escrow.180502-1908,Home,1.0,0,,0.0,117.0,ExistsNotSet,1.0,1.0,Desktop,Windows.Desktop,2206.0,149738.0,4.0,1.0,48.0,,1907729.0,HDD,1891585.0,0,8192.0,Desktop,24.0,1600.0,900.0,Desktop,,4294967295.0,10.0.16299.611,amd64,rs3_release_svc_escrow,16299,611,Core,CORE,Upgrade,8.0,31,FullAuto,0,IS_GENUINE,Retail,,0.0,Retail,0.0,93.0,17595.0,1,0.0,0.0,0,0,0.0,0.0,4.0,1
35,00005727315ca5f2846667ab415d7c5c,win8defender,1.1.15100.1,4.18.1807.18075,1.273.1341.0,0,7.0,0,,53447.0,1.0,1.0,1,159,70124.0,,276.0,74,windows10,x64,10.0.0.0,16299,256,rs3,16299.431.amd64fre.rs3_release_svc_escrow.180502-1908,Pro,1.0,0,,0.0,117.0,RequireAdmin,1.0,1.0,Desktop,Windows.Desktop,2668.0,3158.0,2.0,5.0,3211.0,,152627.0,UNKNOWN,98651.0,0,3072.0,Desktop,40.0,1920.0,1080.0,Desktop,,4294967295.0,10.0.16299.431,amd64,rs3_release_svc_escrow,16299,431,Professional,PROFESSIONAL,UUPUpgrade,7.0,30,Notify,0,INVALID_LICENSE,Retail,,0.0,Retail,,628.0,18648.0,0,,0.0,0,0,0.0,0.0,11.0,0
36,00005c4f5d93f600a61b41581e5b66b2,win8defender,1.1.15200.1,4.18.1807.18075,1.275.249.0,0,7.0,0,,53447.0,1.0,1.0,1,107,,27.0,138.0,134,windows10,x64,10.0.0.0,17134,256,rs4,17134.1.amd64fre.rs4_release.180410-1804,Pro,1.0,0,,0.0,137.0,,1.0,1.0,Desktop,Windows.Desktop,1980.0,228229.0,4.0,5.0,2620.0,,244198.0,SSD,32768.0,0,16384.0,Desktop,27.0,1920.0,1080.0,Desktop,,4294967295.0,10.0.17134.228,amd64,rs4_release,17134,228,Professional,PROFESSIONAL,IBSClean,20.0,83,FullAuto,0,IS_GENUINE,Retail,,0.0,Retail,,142.0,34322.0,0,,0.0,0,0,0.0,1.0,1.0,1
37,00005c68016eab19fb33bdaa8a1d8bb7,win8defender,1.1.15100.1,4.18.1807.18075,1.273.781.0,0,7.0,0,,46112.0,2.0,1.0,1,160,33804.0,27.0,204.0,170,windows10,x64,10.0.0.0,17134,768,rs4,17134.1.amd64fre.rs4_release.180410-1804,Home,1.0,0,,0.0,137.0,RequireAdmin,1.0,1.0,Notebook,Windows.Desktop,585.0,189454.0,4.0,5.0,2373.0,,476940.0,HDD,476323.0,0,4096.0,Notebook,15.5,1366.0,768.0,Mobile,lion,0.0,10.0.17134.191,amd64,rs4_release,17134,191,Core,CORE,Upgrade,25.0,115,FullAuto,0,IS_GENUINE,OEM:DM,,0.0,Retail,0.0,556.0,63555.0,1,0.0,0.0,0,0,0.0,0.0,3.0,0
38,000060ec6113f25f078e79eb48983b7c,win8defender,1.1.15100.1,4.18.1806.18062,1.273.1273.0,0,7.0,0,,53447.0,1.0,1.0,1,129,15591.0,,277.0,75,windows10,x64,10.0.0.0,15063,768,rs2,15063.0.amd64fre.rs2_release.170317-1834,Home,1.0,0,,0.0,108.0,,1.0,1.0,Notebook,Windows.Desktop,4490.0,306796.0,4.0,5.0,2523.0,,610480.0,HDD,590208.0,0,6144.0,Notebook,15.6,1366.0,768.0,Mobile,,0.0,10.0.15063.850,amd64,rs2_release,15063,850,Core,CORE,Upgrade,8.0,31,Notify,0,IS_GENUINE,Retail,,0.0,Retail,,556.0,56968.0,0,,0.0,0,0,0.0,1.0,3.0,1
39,000061de7b3f42019db90eeb120ac3ac,win8defender,1.1.14800.3,4.14.17639.18041,1.267.1242.0,0,7.0,0,,7945.0,2.0,1.0,1,44,16668.0,11.0,57.0,218,windows10,x64,10.0.0.0,16299,768,rs3,16299.431.amd64fre.rs3_release_svc_escrow.180502-1908,Home,1.0,0,,0.0,117.0,RequireAdmin,1.0,1.0,Notebook,Windows.Desktop,2668.0,171319.0,2.0,5.0,1998.0,,953869.0,HDD,908188.0,0,4096.0,Notebook,13.9,1366.0,768.0,Mobile,lion,0.0,10.0.16299.431,amd64,rs3_release_svc_escrow,16299,431,CoreSingleLanguage,CORE_SINGLELANGUAGE,Upgrade,9.0,34,Notify,0,IS_GENUINE,OEM:DM,,0.0,Retail,0.0,628.0,8787.0,1,0.0,0.0,0,0,0.0,0.0,10.0,0
40,000064a54c1de244733828608b9ab915,win8defender,1.1.15000.2,4.18.1806.18062,1.271.795.0,0,7.0,0,,53447.0,1.0,1.0,1,43,27747.0,27.0,53.0,42,windows10,x64,10.0.0.0,17134,256,rs4,17134.1.amd64fre.rs4_release.180410-1804,Pro,1.0,0,,0.0,137.0,,1.0,1.0,AllInOne,Windows.Desktop,2668.0,209851.0,2.0,5.0,1931.0,,476940.0,HDD,100000.0,0,4096.0,AllinOne,21.7,1920.0,1080.0,Desktop,,4294967295.0,10.0.17134.112,amd64,rs4_release,17134,112,Professional,PROFESSIONAL,UUPUpgrade,37.0,158,UNKNOWN,0,INVALID_LICENSE,Retail,,0.0,Unknown,,628.0,49989.0,1,,0.0,0,0,0.0,1.0,7.0,0
41,0000665576f3439c9c1db30d878a821e,win8defender,1.1.15200.1,4.10.209.0,1.275.300.0,0,7.0,0,,53447.0,1.0,1.0,1,171,131212.0,27.0,211.0,182,windows8,x64,6.3.0.0,9600,768,windows8.1,9600.19067.amd64fre.winblue_ltsb_escrow.180619-2033,Home,1.0,0,,0.0,333.0,RequireAdmin,1.0,1.0,Notebook,Windows.Desktop,585.0,189996.0,4.0,5.0,2523.0,,476940.0,HDD,205240.0,0,6144.0,Notebook,17.3,1600.0,900.0,Mobile,lion,0.0,10.0.10586.545,amd64,th2_release,10586,545,CoreSingleLanguage,CORE_SINGLELANGUAGE,Update,29.0,125,FullAuto,0,IS_GENUINE,Retail,,0.0,Retail,0.0,556.0,64575.0,0,0.0,0.0,0,0,0.0,0.0,3.0,1
42,000069097eaa0e375996f266eead5f5e,win8defender,1.1.15100.1,4.18.1807.18075,1.273.894.0,0,7.0,0,,53447.0,1.0,1.0,1,207,111352.0,27.0,277.0,75,windows10,x64,10.0.0.0,15063,768,rs2,15063.0.amd64fre.rs2_release.170317-1834,Home,1.0,0,,0.0,108.0,RequireAdmin,1.0,1.0,Notebook,Windows.Desktop,1443.0,331930.0,4.0,5.0,2527.0,,238475.0,SSD,229730.0,0,8192.0,Portable,14.0,1600.0,900.0,Mobile,li-i,0.0,10.0.15063.1206,amd64,rs2_release,15063,1206,Core,CORE,Update,8.0,31,AutoInstallAndRebootAtMaintenanceTime,0,IS_GENUINE,Retail,0.0,0.0,Retail,0.0,355.0,20317.0,0,0.0,0.0,0,0,0.0,0.0,13.0,1
43,000069a13daa47d692172005ca950bec,win8defender,1.1.15100.1,4.18.1807.18075,1.273.1124.0,0,7.0,0,,53447.0,1.0,1.0,1,15,9402.0,,17.0,74,windows10,x64,10.0.0.0,17134,256,rs4,17134.1.amd64fre.rs4_release.180410-1804,Pro,1.0,0,,0.0,137.0,Off,1.0,1.0,Notebook,Windows.Desktop,2206.0,249458.0,4.0,5.0,2280.0,,114473.0,SSD,78126.0,0,4096.0,Notebook,15.5,1366.0,768.0,Mobile,,0.0,10.0.17134.165,amd64,rs4_release,17134,165,Professional,PROFESSIONAL,UUPUpgrade,7.0,30,FullAuto,0,IS_GENUINE,Retail,,0.0,Retail,,500.0,15478.0,0,,0.0,0,0,0.0,0.0,3.0,1
44,00006afce4e8cea4e613aa6e1df75373,win8defender,1.1.15100.1,4.18.1807.18075,1.273.851.0,0,7.0,0,,53447.0,1.0,1.0,1,203,,18.0,255.0,46,windows10,x64,10.0.0.0,17134,768,rs4,17134.1.amd64fre.rs4_release.180410-1804,Home,1.0,0,,0.0,137.0,,1.0,1.0,Notebook,Windows.Desktop,525.0,257662.0,4.0,5.0,2523.0,,476940.0,HDD,307285.0,0,8192.0,Notebook,15.5,1366.0,768.0,Mobile,,0.0,10.0.17134.191,amd64,rs4_release,17134,191,Core,CORE,IBSClean,39.0,160,FullAuto,0,IS_GENUINE,Retail,,0.0,Retail,,142.0,42172.0,1,,0.0,0,0,0.0,1.0,7.0,1
45,00006cc3d2853283ab5cac205c187bc4,win8defender,1.1.15100.1,4.18.1807.18075,1.273.1034.0,0,7.0,0,,53447.0,1.0,1.0,1,201,15590.0,27.0,267.0,251,windows10,x64,10.0.0.0,15063,256,rs2,15063.0.amd64fre.rs2_release.170317-1834,Pro,1.0,0,,0.0,108.0,,1.0,1.0,Notebook,Windows.Desktop,4730.0,300467.0,4.0,1.0,128.0,,715404.0,HDD,404243.0,0,4096.0,Notebook,15.5,1366.0,768.0,Mobile,,4294967294.0,10.0.15063.1206,amd64,rs2_release,15063,1206,Professional,PROFESSIONAL,IBSClean,35.0,148,UNKNOWN,0,INVALID_LICENSE,Retail,,0.0,Retail,,556.0,7145.0,1,,0.0,0,0,0.0,1.0,11.0,1
46,00006f65a3ed72af6a8b3e4005044e90,win8defender,1.1.14104.0,4.12.16299.15,1.251.42.0,0,7.0,0,239.0,47238.0,2.0,1.0,1,203,70034.0,18.0,255.0,46,windows10,x64,10.0.0.0,16299,768,rs3,16299.15.amd64fre.rs3_release.170928-1534,Home,1.0,0,,,111.0,,1.0,1.0,Notebook,Windows.Desktop,525.0,328312.0,8.0,5.0,2737.0,,122104.0,SSD,121027.0,0,8192.0,Notebook,15.5,1920.0,1080.0,Mobile,,0.0,10.0.16299.15,amd64,rs3_release,16299,15,Core,CORE,Other,39.0,160,UNKNOWN,0,IS_GENUINE,OEM:DM,,0.0,Retail,,142.0,69714.0,1,,0.0,0,0,0.0,0.0,7.0,0
47,0000714f389b8a3638597ee69b655e38,win8defender,1.1.14600.4,4.9.10586.494,1.263.469.0,0,7.0,0,,53447.0,1.0,1.0,1,89,66956.0,,120.0,118,windows10,x64,10.0.0.0,10586,768,th2,10586.545.amd64fre.th2_release.160802-1857,Home,1.0,0,,,82.0,ExistsNotSet,1.0,1.0,Convertible,Windows.Desktop,2206.0,244535.0,2.0,5.0,1984.0,,476940.0,HDD,453385.0,0,4096.0,Notebook,11.6,1366.0,768.0,Mobile,lion,0.0,10.0.10586.545,amd64,th2_release,10586,545,Core,CORE,Upgrade,8.0,31,FullAuto,0,IS_GENUINE,Retail,0.0,0.0,Retail,0.0,554.0,33075.0,1,0.0,0.0,1,0,0.0,0.0,1.0,1
48,000072b66474760a81df6456795aad33,win8defender,1.1.15100.1,4.18.1806.18062,1.273.371.0,0,7.0,0,,41571.0,2.0,1.0,1,3,69164.0,,276.0,74,windows10,x64,10.0.0.0,17134,768,rs4,17134.1.amd64fre.rs4_release.180410-1804,Home,1.0,0,,0.0,137.0,,0.0,1.0,Notebook,Windows.Desktop,2206.0,245056.0,4.0,1.0,39.0,,953869.0,HDD,952342.0,0,8192.0,Notebook,17.3,1680.0,1050.0,Mobile,,0.0,10.0.17134.165,amd64,rs4_release,17134,165,Core,CORE,UUPUpgrade,8.0,31,FullAuto,0,IS_GENUINE,Retail,,0.0,Retail,,554.0,33133.0,1,,0.0,0,0,0.0,0.0,11.0,1
49,0000741c95673865b8783d888627d77b,win8defender,1.1.15200.1,4.10.209.0,1.275.1414.0,0,7.0,0,,22917.0,2.0,2.0,1,108,2020.0,,277.0,75,windows8,x64,6.3.0.0,9600,256,windows8.1,9600.19125.amd64fre.winblue_ltsb.180812-0703,Pro,1.0,0,,0.0,333.0,RequireAdmin,1.0,1.0,Desktop,Windows.Desktop,2206.0,241010.0,8.0,5.0,2962.0,,1907729.0,HDD,257050.0,0,8192.0,LowProfileDesktop,,,,Desktop,,,10.0.10586.14,amd64,th2_release,10586,14,Professional,PROFESSIONAL,Update,,31,FullAuto,0,IS_GENUINE,Retail,,,Retail,0.0,500.0,42630.0,0,0.0,0.0,0,0,0.0,0.0,11.0,0
50,0000788079125a72c3b3d8eff30d3f75,win8defender,1.1.15200.1,4.18.1807.18075,1.275.112.0,0,7.0,0,,53447.0,1.0,1.0,1,55,130897.0,27.0,75.0,221,windows10,x64,10.0.0.0,16299,256,rs3,16299.15.amd64fre.rs3_release.170928-1534,Pro,1.0,0,,0.0,111.0,,1.0,1.0,Notebook,Windows.Desktop,666.0,264562.0,8.0,5.0,2890.0,,239372.0,SSD,119962.0,0,16384.0,Notebook,15.4,1680.0,1050.0,Mobile,,0.0,10.0.16299.248,amd64,rs3_release,16299,248,Professional,PROFESSIONAL,IBSClean,9.0,34,UNKNOWN,0,INVALID_LICENSE,Retail,,0.0,Retail,,,,0,,0.0,0,0,0.0,1.0,10.0,0
51,000079a261a28c51c4ae8393c7fd97e8,win8defender,1.1.15000.2,4.10.14393.1593,1.271.613.0,0,7.0,0,,53447.0,1.0,1.0,1,195,109609.0,,277.0,75,windows10,x64,10.0.0.0,14393,256,rs1,14393.1593.amd64fre.rs1_release.170731-1934,Pro,1.0,0,,0.0,103.0,RequireAdmin,1.0,1.0,Notebook,Windows.Desktop,2206.0,250107.0,4.0,5.0,2865.0,,305245.0,HDD,51002.0,0,4096.0,Notebook,14.0,1366.0,768.0,Mobile,lion,0.0,10.0.14393.1593,amd64,rs1_release,14393,1593,Professional,PROFESSIONAL,Update,8.0,31,FullAuto,0,IS_GENUINE,Retail,,0.0,Retail,0.0,500.0,14728.0,0,0.0,0.0,0,0,0.0,0.0,1.0,0
52,000079e9300ce84a22df348cd25e1d60,win8defender,1.1.15200.1,4.18.1807.18075,1.275.445.0,0,7.0,0,,49480.0,2.0,1.0,1,214,,18.0,277.0,75,windows10,x64,10.0.0.0,14393,768,rs1,14393.2189.amd64fre.rs1_release.180329-1711,Home,1.0,0,,0.0,98.0,RequireAdmin,1.0,1.0,Notebook,Windows.Desktop,585.0,189406.0,4.0,5.0,2382.0,,476940.0,HDD,239814.0,0,4096.0,Notebook,13.9,1366.0,768.0,Mobile,,0.0,10.0.14393.2189,amd64,rs1_release,14393,2189,CoreSingleLanguage,CORE_SINGLELANGUAGE,Reset,8.0,31,UNKNOWN,0,IS_GENUINE,OEM:DM,,0.0,Retail,,556.0,63448.0,1,,0.0,0,0,0.0,0.0,1.0,1
53,00007a195c29a781fe18cc61a9f3a50b,win8defender,1.1.13804.0,4.13.17134.228,1.245.492.0,0,7.0,0,1910.0,41571.0,2.0,1.0,1,148,87903.0,,185.0,228,windows10,x64,10.0.0.0,17134,768,rs4,17134.1.amd64fre.rs4_release.180410-1804,Home,1.0,0,,,137.0,ExistsNotSet,1.0,1.0,Notebook,Windows.Desktop,1443.0,256585.0,4.0,5.0,2321.0,,476940.0,HDD,461873.0,0,8192.0,Portable,15.3,1280.0,720.0,Mobile,lion,0.0,10.0.17134.228,amd64,rs4_release,17134,228,Core,CORE,UUPUpgrade,8.0,31,FullAuto,0,IS_GENUINE,OEM:DM,0.0,0.0,Retail,0.0,355.0,19973.0,1,0.0,0.0,0,0,0.0,0.0,10.0,1
54,00007a70254b648e445a6e1937ab3efb,win8defender,1.1.15200.1,4.18.1807.18075,1.275.795.0,0,7.0,0,,53447.0,1.0,1.0,1,100,167.0,,277.0,75,windows10,x64,10.0.0.0,17134,256,rs4,17134.1.amd64fre.rs4_release.180410-1804,Pro,1.0,0,,0.0,137.0,,1.0,1.0,Notebook,Windows.Desktop,2206.0,248045.0,8.0,5.0,2877.0,,238475.0,UNKNOWN,78845.0,0,6144.0,Notebook,15.5,1366.0,768.0,Mobile,,0.0,10.0.17134.254,amd64,rs4_release,17134,254,Professional,PROFESSIONAL,Upgrade,8.0,31,FullAuto,0,IS_GENUINE,Volume:GVLK,,0.0,Retail,,554.0,33116.0,0,,0.0,0,0,0.0,0.0,11.0,1
55,00007b97fb212999b23bf4a2851313f1,win8defender,1.1.15200.1,4.18.1807.18075,1.275.1231.0,0,7.0,0,,53447.0,1.0,1.0,1,16,131181.0,,277.0,75,windows10,x64,10.0.0.0,17134,256,rs4,17134.1.amd64fre.rs4_release.180410-1804,Pro,1.0,0,,0.0,137.0,,1.0,1.0,Notebook,Windows.Desktop,2668.0,103830.0,4.0,5.0,2297.0,,114473.0,SSD,113858.0,0,6144.0,Notebook,14.0,1366.0,768.0,Mobile,,0.0,10.0.17134.285,amd64,rs4_release,17134,285,Professional,PROFESSIONAL,UUPUpgrade,8.0,31,FullAuto,0,IS_GENUINE,Retail,,0.0,Retail,,628.0,37145.0,0,,0.0,0,0,0.0,0.0,3.0,0
56,000084a47878a731d8c0c421b9efc835,win8defender,1.1.14104.0,4.12.16299.15,1.251.42.0,0,7.0,0,1161.0,47238.0,2.0,1.0,1,93,135069.0,,119.0,64,windows10,x64,10.0.0.0,16299,768,rs3,16299.431.amd64fre.rs3_release_svc_escrow.180502-1908,Home,1.0,0,,,117.0,,1.0,1.0,Notebook,Windows.Desktop,2102.0,241876.0,4.0,5.0,2405.0,,953869.0,HDD,935873.0,0,4096.0,Notebook,15.5,1920.0,1080.0,Mobile,,0.0,10.0.16299.431,amd64,rs3_release_svc_escrow,16299,431,CoreSingleLanguage,CORE_SINGLELANGUAGE,Other,8.0,31,UNKNOWN,0,IS_GENUINE,OEM:DM,,0.0,Retail,,554.0,33142.0,1,,0.0,0,0,0.0,0.0,8.0,1
57,0000870bccbcf600c7252517b1d39234,win8defender,1.1.14306.0,4.13.17134.1,1.257.902.0,0,7.0,0,1910.0,7945.0,2.0,1.0,1,155,82373.0,18.0,240.0,233,windows10,x64,10.0.0.0,17134,256,rs4,17134.1.amd64fre.rs4_release.180410-1804,Pro,1.0,0,,,137.0,RequireAdmin,1.0,1.0,Desktop,Windows.Desktop,1980.0,223918.0,2.0,5.0,1957.0,,152627.0,Unspecified,151664.0,0,2048.0,Desktop,20.0,1600.0,900.0,Desktop,,4294967295.0,10.0.17134.165,amd64,rs4_release,17134,165,Professional,PROFESSIONAL,UUPUpgrade,9.0,34,FullAuto,0,INVALID_LICENSE,Retail,,0.0,Retail,,168.0,33264.0,0,,0.0,0,0,0.0,0.0,10.0,0
58,000088920334d5c05034383567da0ee3,win8defender,1.1.15200.1,4.10.209.0,1.275.288.0,0,7.0,0,,53447.0,1.0,1.0,1,178,136271.0,27.0,230.0,71,windows8,x64,6.3.0.0,9600,768,windows8.1,9600.19000.amd64fre.winblue_ltsb.180410-0600,Home,1.0,0,,0.0,323.0,ExistsNotSet,1.0,1.0,Notebook,Windows.Desktop,2206.0,244631.0,4.0,5.0,2525.0,,476940.0,HDD,450687.0,0,4096.0,Notebook,14.0,1366.0,768.0,Mobile,lion,0.0,10.0.10586.545,amd64,th2_release,10586,545,Core,CORE,Update,8.0,31,FullAuto,0,IS_GENUINE,Retail,0.0,0.0,Retail,0.0,554.0,33076.0,1,0.0,0.0,0,0,0.0,0.0,1.0,0
59,00008e8686cffcb475d43646a3aeba26,win8defender,1.1.15100.1,4.18.1807.18075,1.273.912.0,0,7.0,0,,53447.0,1.0,1.0,1,12,142656.0,27.0,277.0,75,windows10,x64,10.0.0.0,17134,256,rs4,17134.1.amd64fre.rs4_release.180410-1804,Pro,1.0,0,,0.0,137.0,RequireAdmin,1.0,1.0,Desktop,Windows.Desktop,1443.0,275893.0,4.0,5.0,2610.0,,476940.0,HDD,476373.0,0,16384.0,SpaceSaving,32.0,1920.0,1080.0,Desktop,,4294967295.0,10.0.17134.112,amd64,rs4_release,17134,112,Professional,PROFESSIONAL,UUPUpgrade,8.0,31,UNKNOWN,0,IS_GENUINE,Retail,,0.0,Retail,,355.0,19970.0,0,,0.0,0,0,0.0,0.0,2.0,0
60,00008f5ffaf2a82e2ba75dd31d011c2c,win8defender,1.1.15200.1,4.9.10586.0,1.275.30.0,0,7.0,0,,53447.0,1.0,1.0,1,190,,18.0,253.0,17,windows10,x64,10.0.0.0,10586,256,th2,10586.420.amd64fre.th2_release_sec.160527-1834,Pro,1.0,0,,0.0,78.0,ExistsNotSet,0.0,1.0,Notebook,Windows.Desktop,1443.0,256685.0,4.0,5.0,3063.0,,953869.0,HDD,149500.0,0,8192.0,Notebook,15.5,1920.0,1080.0,Mobile,,,10.0.10586.420,amd64,th2_release,10586,420,Professional,PROFESSIONAL,IBSClean,1.0,5,UNKNOWN,0,IS_GENUINE,Volume:GVLK,,0.0,Retail,,355.0,4351.0,0,,0.0,0,0,0.0,1.0,11.0,1
61,000090720df1dd004c5cf6cd1c615643,win8defender,1.1.15200.1,4.18.1807.18075,1.275.98.0,0,7.0,0,,53447.0,1.0,1.0,1,9,91549.0,27.0,10.0,214,windows10,x64,10.0.0.0,17134,256,rs4,17134.1.amd64fre.rs4_release.180410-1804,Pro,1.0,0,,0.0,137.0,ExistsNotSet,1.0,1.0,Desktop,Windows.Desktop,1980.0,317708.0,4.0,5.0,2316.0,,610480.0,Unspecified,609143.0,0,4096.0,Desktop,19.1,1600.0,900.0,Desktop,,4294967295.0,10.0.17134.228,amd64,rs4_release,17134,228,Professional,PROFESSIONAL,UUPUpgrade,10.0,35,FullAuto,0,IS_GENUINE,Retail,,0.0,Retail,0.0,142.0,33264.0,0,0.0,0.0,0,0,0.0,0.0,10.0,1
62,000090ae289915e1fc378bcd1522bd86,win8defender,1.1.15000.1,4.11.15063.0,1.269.1420.0,0,7.0,0,,46413.0,2.0,1.0,1,95,,27.0,277.0,75,windows10,x64,10.0.0.0,15063,768,rs2,15063.0.amd64fre.rs2_release.170317-1834,Home,1.0,0,,0.0,105.0,,1.0,1.0,Notebook,Windows.Desktop,525.0,318782.0,8.0,5.0,2737.0,,244198.0,SSD,243121.0,0,8192.0,Notebook,13.9,1920.0,1080.0,Mobile,,1.0,10.0.15063.250,amd64,rs2_release,15063,250,CoreSingleLanguage,CORE_SINGLELANGUAGE,Other,8.0,31,Notify,0,IS_GENUINE,OEM:DM,,0.0,Retail,,142.0,62383.0,1,,0.0,0,0,1.0,0.0,11.0,1
63,000090c74b057a93e59e7a700c00ea00,win8defender,1.1.13407.0,4.9.10586.589,1.235.1997.0,0,7.0,0,788.0,53447.0,1.0,1.0,1,107,,18.0,277.0,75,windows10,x86,10.0.0.0,10586,768,th2,10586.589.x86fre.th2_release.160906-1759,Home,1.0,0,,,84.0,RequireAdmin,1.0,1.0,Detachable,Windows.Desktop,1434.0,202067.0,4.0,5.0,1914.0,,29600.0,SSD,17188.0,0,2048.0,Desktop,8.0,1200.0,1920.0,Slate,lion,62777.0,10.0.10586.589,x86,th2_release,10586,589,Core,CORE,Other,8.0,31,UNKNOWN,0,IS_GENUINE,OEM:DM,,0.0,Retail,0.0,142.0,12459.0,0,0.0,0.0,1,0,1.0,0.0,1.0,0
64,000092dc20852e46e6806fcbd46ee50b,win8defender,1.1.14104.0,4.12.16299.15,1.251.42.0,0,7.0,0,2064.0,53447.0,1.0,1.0,1,43,28500.0,27.0,53.0,42,windows10,x64,10.0.0.0,16299,768,rs3,16299.15.amd64fre.rs3_release.170928-1534,Home,1.0,0,,,111.0,,1.0,1.0,Notebook,Windows.Desktop,2102.0,275364.0,8.0,5.0,2746.0,,122104.0,SSD,120841.0,0,8192.0,Notebook,15.5,1920.0,1080.0,Mobile,,0.0,10.0.16299.611,amd64,rs3_release_svc_escrow,16299,611,CoreCountrySpecific,CORE_COUNTRYSPECIFIC,Reset,37.0,158,UNKNOWN,0,IS_GENUINE,OEM:DM,,0.0,Retail,,93.0,32998.0,1,,0.0,0,0,0.0,,,0
65,00009736cef1cc093b94f6084eb26368,win8defender,1.1.14405.2,4.12.16299.15,1.259.693.0,0,7.0,0,614.0,41571.0,2.0,1.0,1,53,44036.0,18.0,71.0,52,windows10,x64,10.0.0.0,16299,768,rs3,16299.15.amd64fre.rs3_release.170928-1534,Home,1.0,0,,,117.0,RequireAdmin,1.0,1.0,Notebook,Windows.Desktop,585.0,189575.0,2.0,1.0,225.0,,122104.0,SSD,120963.0,1,4096.0,Notebook,15.5,1920.0,1080.0,Mobile,,0.0,10.0.16299.371,amd64,rs3_release,16299,371,Core,CORE,Upgrade,4.0,24,Notify,0,IS_GENUINE,OEM:DM,,0.0,Retail,,556.0,63155.0,1,,0.0,0,0,0.0,1.0,15.0,0
66,00009a420a0c7b1c5298d372e415b22b,win8defender,1.1.15200.1,4.18.1807.18075,1.275.350.0,0,7.0,0,,53447.0,1.0,1.0,1,29,103167.0,,35.0,171,windows10,x86,10.0.0.0,14393,768,rs1,14393.2189.x86fre.rs1_release.180329-1711,Home,1.0,0,,0.0,98.0,RequireAdmin,1.0,1.0,Notebook,Windows.Desktop,2689.0,193612.0,2.0,5.0,3381.0,,305245.0,HDD,304742.0,0,3072.0,Other,14.0,1366.0,768.0,Mobile,,0.0,10.0.14393.2189,x86,rs1_release,14393,2189,Core,CORE,IBSClean,26.0,119,UNKNOWN,0,IS_GENUINE,Retail,,0.0,Retail,,512.0,56303.0,0,,0.0,0,0,0.0,0.0,10.0,0
67,00009c2e757d5c8cb04956c18e2b8cc5,win8defender,1.1.15100.1,4.18.1807.18075,1.273.1620.0,0,7.0,0,,53447.0,1.0,1.0,1,53,60652.0,27.0,71.0,52,windows10,x64,10.0.0.0,17134,768,rs4,17134.1.amd64fre.rs4_release.180410-1804,Home,1.0,0,,0.0,137.0,,1.0,1.0,Notebook,Windows.Desktop,585.0,189348.0,4.0,5.0,2302.0,,476940.0,HDD,457445.0,0,8192.0,Notebook,15.5,1366.0,768.0,Mobile,,0.0,10.0.17134.228,amd64,rs4_release,17134,228,Core,CORE,Reset,4.0,24,FullAuto,0,IS_GENUINE,Retail,,0.0,Retail,,556.0,64522.0,1,,0.0,0,0,0.0,1.0,15.0,1
68,0000a06a837838237a86cfd598e84c87,win8defender,1.1.15200.1,4.18.1807.18075,1.275.1244.0,0,7.0,0,,53447.0,1.0,1.0,1,201,21497.0,,267.0,251,windows10,x64,10.0.0.0,17134,768,rs4,17134.1.amd64fre.rs4_release.180410-1804,Home,1.0,0,,0.0,137.0,RequireAdmin,1.0,1.0,Notebook,Windows.Desktop,2668.0,171280.0,4.0,5.0,2666.0,,953869.0,HDD,911202.0,0,12288.0,Notebook,15.5,1920.0,1080.0,Mobile,,0.0,10.0.17134.254,amd64,rs4_release,17134,254,CoreSingleLanguage,CORE_SINGLELANGUAGE,Update,35.0,148,FullAuto,0,IS_GENUINE,OEM:DM,,0.0,Retail,,628.0,31879.0,1,,0.0,0,0,0.0,1.0,11.0,1
69,0000a0c32be4fd309acc15b9e2575bd9,win8defender,1.1.15200.1,4.18.1807.18075,1.275.941.0,0,7.0,0,,47238.0,2.0,1.0,1,160,,,204.0,170,windows10,x64,10.0.0.0,14393,768,rs1,14393.2189.amd64fre.rs1_release.180329-1711,Home,1.0,0,,0.0,98.0,RequireAdmin,1.0,1.0,Convertible,Windows.Desktop,2668.0,171141.0,2.0,5.0,1998.0,,29820.0,SSD,28542.0,0,2048.0,Notebook,11.6,1366.0,768.0,Mobile,,0.0,10.0.14393.2189,amd64,rs1_release,14393,2189,Core,CORE,Other,25.0,115,Notify,0,IS_GENUINE,OEM:DM,,0.0,Retail,,628.0,26080.0,1,,0.0,1,0,0.0,0.0,3.0,1
70,0000a313e380907701398b3c61f58848,win8defender,1.1.15200.1,4.18.1807.18075,1.275.330.0,0,7.0,0,,7945.0,2.0,1.0,1,141,23687.0,18.0,240.0,233,windows10,x64,10.0.0.0,16299,768,rs3,16299.431.amd64fre.rs3_release_svc_escrow.180502-1908,Home,1.0,0,,0.0,117.0,RequireAdmin,1.0,1.0,Notebook,Windows.Desktop,525.0,257584.0,4.0,5.0,2523.0,,715404.0,HDD,286161.0,0,4096.0,Notebook,14.0,1366.0,768.0,Mobile,li-i,0.0,10.0.16299.611,amd64,rs3_release_svc_escrow,16299,611,CoreSingleLanguage,CORE_SINGLELANGUAGE,UUPUpgrade,9.0,34,FullAuto,0,IS_GENUINE,Retail,,0.0,Retail,0.0,142.0,9685.0,1,0.0,0.0,0,0,0.0,0.0,10.0,0
71,0000a559e4f2f5cad96124101d7d94e5,win8defender,1.1.15200.1,4.18.1807.18075,1.275.237.0,0,7.0,0,,53447.0,1.0,1.0,1,204,36049.0,,277.0,75,windows10,x86,10.0.0.0,17134,256,rs4,17134.1.x86fre.rs4_release.180410-1804,Pro,1.0,0,,0.0,137.0,RequireAdmin,1.0,1.0,Notebook,Windows.Desktop,1443.0,260856.0,4.0,5.0,2514.0,,305245.0,HDD,100343.0,1,4096.0,Laptop,13.9,1366.0,768.0,Mobile,,0.0,10.0.17134.228,x86,rs4_release,17134,228,Professional,PROFESSIONAL,Upgrade,8.0,31,FullAuto,0,INVALID_LICENSE,Retail,,0.0,Retail,,355.0,20394.0,0,,0.0,0,0,0.0,0.0,11.0,0
72,0000a59784f4658c3a9820d801cc6e28,win8defender,1.1.15200.1,4.18.1807.18075,1.275.1140.0,0,7.0,0,,53447.0,1.0,1.0,1,94,65823.0,,122.0,75,windows10,x64,10.0.0.0,17134,256,rs4,17134.1.amd64fre.rs4_release.180410-1804,Pro,1.0,0,,0.0,137.0,,1.0,1.0,Notebook,Windows.Desktop,1443.0,260856.0,4.0,5.0,2844.0,,572325.0,SSD,248496.0,1,16384.0,Laptop,14.0,1366.0,768.0,Mobile,,0.0,10.0.17134.285,amd64,rs4_release,17134,285,Professional,PROFESSIONAL,UUPUpgrade,8.0,31,FullAuto,0,IS_GENUINE,Volume:GVLK,,0.0,Retail,,355.0,21034.0,0,,0.0,0,0,0.0,0.0,11.0,0
73,0000a67d760d31bb2c5af195b4627ac4,win8defender,1.1.15200.1,4.18.1807.18075,1.275.1621.0,0,7.0,0,,7945.0,2.0,1.0,1,205,75528.0,,277.0,75,windows10,x64,10.0.0.0,15063,768,rs2,15063.0.amd64fre.rs2_release.170317-1834,Home,1.0,0,,0.0,108.0,RequireAdmin,1.0,1.0,Detachable,Windows.Desktop,2166.0,253705.0,4.0,5.0,1916.0,,59640.0,SSD,47228.0,0,4096.0,Desktop,10.8,1920.0,1280.0,Slate,,17.0,10.0.15063.1324,amd64,rs2_release,15063,1324,Core,CORE,Update,8.0,31,AutoInstallAndRebootAtMaintenanceTime,0,IS_GENUINE,OEM:DM,,0.0,Retail,,142.0,12459.0,0,,0.0,1,0,1.0,0.0,3.0,0
74,0000a8f6da8be7c59a5ce7603406bfd0,win8defender,1.1.15100.1,4.11.15063.0,1.273.1124.0,0,7.0,0,,23657.0,2.0,1.0,1,8,85219.0,,205.0,172,windows10,x64,10.0.0.0,15063,768,rs2,15063.0.amd64fre.rs2_release.170317-1834,Home,1.0,0,,0.0,105.0,ExistsNotSet,1.0,1.0,Notebook,Windows.Desktop,2102.0,241876.0,2.0,5.0,1998.0,,476940.0,HDD,462158.0,0,4096.0,Notebook,15.5,1366.0,768.0,Mobile,,0.0,10.0.15063.250,amd64,rs2_release,15063,250,CoreSingleLanguage,CORE_SINGLELANGUAGE,Reset,27.0,120,Notify,0,IS_GENUINE,OEM:DM,,0.0,Retail,,554.0,33054.0,1,,0.0,0,0,0.0,0.0,11.0,1
75,0000a998901524f98515c63bfae8472a,win8defender,1.1.15200.1,4.18.1807.18075,1.275.342.0,0,7.0,0,,53447.0,1.0,1.0,1,152,9519.0,18.0,184.0,69,windows10,x64,10.0.0.0,16299,768,rs3,16299.431.amd64fre.rs3_release_svc_escrow.180502-1908,Home,1.0,0,,0.0,117.0,,1.0,1.0,Detachable,Windows.Desktop,2668.0,171346.0,4.0,5.0,2660.0,,244198.0,SSD,217321.0,0,8192.0,Detachable,12.2,1920.0,1200.0,Mobile,,0.0,10.0.16299.431,amd64,rs3_release_svc_escrow,16299,431,Core,CORE,Upgrade,8.0,31,Notify,0,IS_GENUINE,OEM:DM,,0.0,Retail,,628.0,10161.0,1,,0.0,1,1,0.0,0.0,1.0,0
76,0000aad9182f51a6771d29f958f25f6d,win8defender,1.1.15200.1,4.18.1807.18075,1.275.1244.0,0,7.0,0,,53447.0,1.0,1.0,1,100,167.0,,277.0,75,windows10,x86,10.0.0.0,17134,256,rs4,17134.1.x86fre.rs4_release.180410-1804,Pro,1.0,0,,0.0,137.0,RequireAdmin,1.0,1.0,Desktop,Windows.Desktop,4909.0,317701.0,2.0,5.0,3366.0,,76319.0,Unspecified,49550.0,0,4096.0,Desktop,19.0,1440.0,900.0,Desktop,,4294967295.0,10.0.17134.165,x86,rs4_release,17134,165,Professional,PROFESSIONAL,UUPUpgrade,8.0,31,FullAuto,0,IS_GENUINE,Retail,,0.0,Retail,0.0,142.0,52570.0,0,0.0,0.0,0,0,0.0,0.0,11.0,0
77,0000ab5c2c4d4928410c1473010141c8,win8defender,1.1.15100.1,4.18.1806.18062,1.273.443.0,0,7.0,0,,53447.0,1.0,1.0,1,9,76949.0,27.0,10.0,214,windows10,x64,10.0.0.0,16299,768,rs3,16299.15.amd64fre.rs3_release.170928-1534,Home,1.0,0,,0.0,135.0,RequireAdmin,1.0,1.0,Desktop,Windows.Desktop,516.0,188345.0,2.0,5.0,2068.0,,476940.0,HDD,476163.0,0,4096.0,Desktop,23.0,1366.0,768.0,Desktop,,4294967295.0,10.0.16299.125,amd64,rs3_release,16299,125,CoreSingleLanguage,CORE_SINGLELANGUAGE,Update,10.0,35,UNKNOWN,0,IS_GENUINE,OEM:DM,,0.0,Retail,0.0,142.0,7868.0,1,0.0,0.0,0,0,0.0,1.0,10.0,1
78,0000ab7d33d3cec7e3864ae29750d35c,win8defender,1.1.15100.1,4.18.1807.18075,1.273.1379.0,0,7.0,0,,53447.0,1.0,1.0,1,35,95636.0,27.0,45.0,83,windows10,x64,10.0.0.0,17134,256,rs4,17134.1.amd64fre.rs4_release.180410-1804,Pro,1.0,0,,0.0,137.0,,1.0,1.0,Desktop,Windows.Desktop,,,2.0,5.0,3203.0,,152627.0,UNKNOWN,152053.0,0,4096.0,Unknown,19.1,1024.0,768.0,Desktop,,4294967295.0,10.0.17134.165,amd64,rs4_release,17134,165,Professional,PROFESSIONAL,Clean,14.0,49,FullAuto,0,IS_GENUINE,Retail,,0.0,Retail,,559.0,27974.0,0,,0.0,0,0,0.0,0.0,4.0,0
79,0000ae32f2907b029528cbcc7f7c6f7f,win8defender,1.1.15100.1,4.18.1807.18075,1.273.810.0,0,7.0,0,,7945.0,2.0,1.0,1,158,79230.0,27.0,202.0,70,windows10,x64,10.0.0.0,15063,256,rs2,15063.0.amd64fre.rs2_release.170317-1834,Pro,1.0,0,,0.0,108.0,,1.0,1.0,Detachable,Windows.Desktop,3150.0,313504.0,4.0,5.0,2703.0,,122104.0,SSD,120785.0,0,4096.0,Laptop,12.3,2736.0,1824.0,Slate,,1.0,10.0.15063.1088,amd64,rs2_release,15063,1088,Professional,PROFESSIONAL,Other,8.0,31,Notify,0,IS_GENUINE,OEM:DM,,0.0,Retail,,677.0,9771.0,1,,0.0,1,1,1.0,0.0,1.0,0
80,0000b128ab946f98fb2786d2486ec1d9,win8defender,1.1.15100.1,4.18.1807.18075,1.273.1073.0,0,7.0,0,,53447.0,1.0,1.0,1,110,3137.0,,211.0,182,windows10,x86,10.0.0.0,17134,256,rs4,17134.1.x86fre.rs4_release.180410-1804,Pro,1.0,0,,0.0,137.0,Warn,1.0,1.0,Notebook,Windows.Desktop,1780.0,260070.0,2.0,5.0,3424.0,,305245.0,HDD,303949.0,0,2048.0,Laptop,15.5,1366.0,768.0,Mobile,lion,0.0,10.0.17134.191,x86,rs4_release,17134,191,Professional,PROFESSIONAL,Upgrade,29.0,125,FullAuto,0,INVALID_LICENSE,Retail,0.0,0.0,Retail,0.0,444.0,7172.0,0,0.0,0.0,0,0,0.0,0.0,3.0,1
81,0000b4df42b097d7542baf434f8ab157,win8defender,1.1.15200.1,4.18.1807.18075,1.275.1550.0,0,7.0,0,,47238.0,2.0,1.0,1,184,58825.0,,277.0,75,windows10,x64,10.0.0.0,17134,768,rs4,17134.1.amd64fre.rs4_release.180410-1804,Home,1.0,0,,0.0,137.0,RequireAdmin,1.0,1.0,Notebook,Windows.Desktop,2102.0,228975.0,4.0,5.0,3394.0,,476940.0,HDD,457226.0,0,4096.0,Notebook,15.5,1366.0,768.0,Mobile,,0.0,10.0.17134.285,amd64,rs4_release,17134,285,Core,CORE,UUPUpgrade,8.0,31,FullAuto,0,IS_GENUINE,OEM:DM,,0.0,Retail,,554.0,33145.0,1,,0.0,0,0,0.0,0.0,11.0,1
82,0000b73b09940321a18f4d3ea53555a2,win8defender,1.1.15100.1,4.8.10240.16384,1.273.371.0,0,7.0,0,,53447.0,1.0,1.0,1,132,64012.0,,277.0,75,windows10,x64,10.0.0.0,10240,256,th1,10240.16384.amd64fre.th1.150709-1700,Enterprise LTSB,1.0,0,,0.0,41.0,RequireAdmin,1.0,1.0,Desktop,Windows.Desktop,4589.0,313586.0,4.0,5.0,2276.0,,152587.0,Unspecified,152085.0,0,8192.0,Desktop,17.0,1280.0,1024.0,Desktop,#,4294967295.0,10.0.10240.16384,amd64,th1,10240,16384,EnterpriseSN,ENTERPRISE_S_N,IBSClean,8.0,31,UNKNOWN,0,INVALID_LICENSE,Volume:GVLK,0.0,0.0,NOT_SET,0.0,142.0,3364.0,0,0.0,0.0,0,0,0.0,1.0,3.0,1
83,0000b864e7ad567047f57959c8d4f557,win8defender,1.1.15200.1,4.18.1807.18075,1.275.1765.0,0,7.0,0,,53447.0,1.0,1.0,1,43,38780.0,27.0,53.0,42,windows10,x64,10.0.0.0,16299,768,rs3,16299.431.amd64fre.rs3_release_svc_escrow.180502-1908,Home,1.0,0,,0.0,117.0,,1.0,1.0,Desktop,Windows.Desktop,585.0,189915.0,4.0,5.0,2604.0,,953869.0,HDD,101591.0,0,4096.0,Desktop,23.8,1920.0,1080.0,Desktop,,4294967295.0,10.0.16299.431,amd64,rs3_release_svc_escrow,16299,431,CoreCountrySpecific,CORE_COUNTRYSPECIFIC,Upgrade,37.0,158,UNKNOWN,0,IS_GENUINE,Retail,,0.0,Retail,,142.0,52873.0,1,,0.0,0,0,0.0,0.0,7.0,1
84,0000b8f65700466bfcedc0b7daa7fb3c,win8defender,1.1.15100.1,4.18.1807.18075,1.273.1565.0,0,7.0,0,,53447.0,1.0,1.0,1,214,71958.0,27.0,287.0,75,windows10,x64,10.0.0.0,16299,768,rs3,16299.15.amd64fre.rs3_release.170928-1534,Home,1.0,0,,0.0,117.0,RequireAdmin,1.0,1.0,Notebook,Windows.Desktop,525.0,331212.0,4.0,5.0,3026.0,,476940.0,HDD,226164.0,0,4096.0,Notebook,15.5,1366.0,768.0,Mobile,lion,134.0,10.0.16299.371,amd64,rs3_release,16299,371,CoreSingleLanguage,CORE_SINGLELANGUAGE,Upgrade,8.0,156,Notify,0,IS_GENUINE,OEM:DM,,0.0,Retail,0.0,142.0,69919.0,0,0.0,0.0,0,0,0.0,1.0,1.0,1
85,0000ba348123780f135d51d721348be3,win8defender,1.1.15200.1,4.18.1807.18075,1.275.1176.0,0,7.0,0,,53447.0,1.0,1.0,1,122,117858.0,27.0,89.0,88,windows10,x64,10.0.0.0,17134,768,rs4,17134.1.amd64fre.rs4_release.180410-1804,Home,1.0,0,,0.0,137.0,,1.0,1.0,Notebook,Windows.Desktop,4894.0,272191.0,2.0,5.0,2097.0,,953869.0,HDD,953160.0,0,4096.0,Notebook,15.5,1920.0,1080.0,Mobile,,0.0,10.0.17134.228,amd64,rs4_release,17134,228,CoreSingleLanguage,CORE_SINGLELANGUAGE,Other,14.0,49,FullAuto,0,IS_GENUINE,OEM:DM,,0.0,Retail,,142.0,22211.0,0,,0.0,0,0,0.0,1.0,11.0,1
86,0000ba435580256a4a2c9e3b53fcb39a,win8defender,1.1.15100.1,4.16.17656.18052,1.273.1631.0,0,7.0,0,,53447.0,1.0,1.0,1,107,133897.0,,138.0,134,windows10,x64,10.0.0.0,16299,256,rs3,16299.15.amd64fre.rs3_release.170928-1534,Pro,1.0,0,,0.0,117.0,ExistsNotSet,1.0,1.0,Detachable,Windows.Desktop,2102.0,239080.0,4.0,5.0,3152.0,,488386.0,SSD,470760.0,0,8192.0,Notebook,12.0,1920.0,1280.0,Mobile,lion,0.0,10.0.16299.371,amd64,rs3_release,16299,371,Professional,PROFESSIONAL,Upgrade,20.0,83,UNKNOWN,0,IS_GENUINE,OEM:DM,0.0,0.0,Retail,0.0,486.0,48907.0,1,0.0,0.0,1,1,0.0,0.0,1.0,0
87,0000bae35fb1dbde97ae59e962f24557,win8defender,1.1.15100.1,4.18.1807.18075,1.273.1721.0,0,7.0,0,,53447.0,1.0,1.0,1,57,83931.0,18.0,76.0,75,windows10,x64,10.0.0.0,16299,768,rs3,16299.402.amd64fre.rs3_release_svc_escrow_im.180415-0955,Home,1.0,0,,0.0,117.0,Off,1.0,1.0,Notebook,Windows.Desktop,639.0,188322.0,12.0,5.0,3139.0,,488386.0,SSD,473415.0,0,16384.0,Notebook,17.2,1920.0,1080.0,Mobile,,0.0,10.0.16299.402,amd64,rs3_release_svc_escrow_im,16299,402,Core,CORE,Other,8.0,31,UNKNOWN,0,OFFLINE,OEM:DM,,0.0,Retail,,134.0,6895.0,1,,,0,0,0.0,0.0,10.0,1
88,0000bd523ae0edc8668820992d6a41be,win8defender,1.1.15100.1,4.18.1806.18062,1.273.486.0,0,7.0,0,,23657.0,2.0,1.0,1,39,13859.0,27.0,252.0,106,windows10,x64,10.0.0.0,17134,256,rs4,17134.1.amd64fre.rs4_release.180410-1804,Pro,1.0,0,,0.0,137.0,RequireAdmin,1.0,1.0,Desktop,Windows.Desktop,4589.0,313586.0,4.0,5.0,2691.0,,488386.0,SSD,487820.0,0,8192.0,Desktop,24.0,1920.0,1080.0,Desktop,,4294967295.0,10.0.17134.165,amd64,rs4_release,17134,165,Professional,PROFESSIONAL,UUPUpgrade,5.0,26,FullAuto,0,IS_GENUINE,OEM:NONSLP,,0.0,Retail,0.0,142.0,3716.0,1,0.0,0.0,0,0,0.0,0.0,15.0,1
89,0000be7653a11a09cc08f682c76bfa2a,win8defender,1.1.15200.1,4.18.1807.18075,1.275.1682.0,0,7.0,0,,53447.0,1.0,1.0,1,207,108352.0,27.0,277.0,75,windows10,x64,10.0.0.0,16299,768,rs3,16299.15.amd64fre.rs3_release.170928-1534,Home,1.0,0,,0.0,117.0,RequireAdmin,1.0,1.0,Notebook,Windows.Desktop,1443.0,256746.0,8.0,5.0,3038.0,,953869.0,HDD,952790.0,0,8192.0,Notebook,15.5,3840.0,2160.0,Mobile,,0.0,10.0.17134.228,amd64,rs4_release,17134,228,Core,CORE,UUPUpgrade,8.0,31,FullAuto,0,IS_GENUINE,OEM:DM,,0.0,Retail,,355.0,7142.0,1,,0.0,1,0,0.0,0.0,13.0,0
90,0000be9215711d2597a5613b5ef0434e,win8defender,1.1.15100.1,4.8.10240.16384,1.273.1073.0,0,7.0,0,,7945.0,2.0,1.0,1,29,114749.0,18.0,35.0,171,windows10,x64,10.0.0.0,10240,768,th1,10240.16384.amd64fre.th1.150709-1700,Home,1.0,0,,0.0,41.0,Off,1.0,1.0,Notebook,Windows.Desktop,1475.0,273318.0,2.0,5.0,2042.0,,476940.0,HDD,176538.0,1,2048.0,Notebook,14.0,1366.0,768.0,Mobile,lion,0.0,10.0.10240.16384,amd64,th1,10240,16384,Core,CORE,IBSClean,26.0,119,UNKNOWN,0,INVALID_LICENSE,Volume:GVLK,0.0,0.0,NOT_SET,0.0,142.0,4753.0,0,0.0,0.0,0,0,0.0,0.0,10.0,0
91,0000bfae117fdc08c1b824e4d8693fb4,win8defender,1.1.15100.1,4.18.1806.18062,1.273.337.0,0,7.0,0,,53447.0,1.0,1.0,1,171,131195.0,,211.0,182,windows10,x64,10.0.0.0,15063,768,rs2,15063.0.amd64fre.rs2_release.170317-1834,Home,1.0,0,,0.0,108.0,,1.0,1.0,Notebook,Windows.Desktop,585.0,189980.0,4.0,5.0,2523.0,,715404.0,HDD,697894.0,0,6144.0,Notebook,15.5,1366.0,768.0,Mobile,,0.0,10.0.15063.1209,amd64,rs2_release,15063,1209,Core,CORE,IBSClean,29.0,125,UNKNOWN,0,IS_GENUINE,Retail,,0.0,Retail,,127.0,63122.0,0,,0.0,0,0,0.0,,,0
92,0000c0e361386f06ef44a29291ccd941,win8defender,1.1.15100.1,4.9.10586.0,1.273.1416.0,0,7.0,0,,12202.0,2.0,1.0,1,51,49048.0,27.0,98.0,103,windows10,x64,10.0.0.0,10586,768,th2,10586.306.amd64fre.th2_release_sec.160422-1850,Home,1.0,0,,0.0,76.0,RequireAdmin,1.0,1.0,Notebook,Windows.Desktop,585.0,189362.0,4.0,5.0,2296.0,,953869.0,HDD,935631.0,0,4096.0,Notebook,17.3,1600.0,900.0,Mobile,,,10.0.10586.318,amd64,th2_release,10586,318,Core,CORE,Update,5.0,26,FullAuto,0,IS_GENUINE,Retail,,,Retail,,556.0,64793.0,1,,0.0,0,0,0.0,0.0,6.0,1
93,0000c46dc4f3b3f07b11d0d85e02dad5,win8defender,1.1.15100.1,4.18.1807.18075,1.273.1379.0,0,7.0,0,,53447.0,1.0,1.0,1,141,56198.0,27.0,167.0,227,windows10,x86,10.0.0.0,16299,256,rs3,16299.15.x86fre.rs3_release.170928-1534,Pro,1.0,0,,0.0,117.0,RequireAdmin,1.0,1.0,Notebook,Windows.Desktop,4730.0,312007.0,2.0,5.0,3381.0,,305245.0,HDD,161292.0,0,4096.0,Notebook,15.5,1366.0,768.0,Mobile,lion,0.0,10.0.16299.431,x86,rs3_release,16299,431,Professional,PROFESSIONAL,Update,9.0,34,FullAuto,0,IS_GENUINE,Retail,,0.0,Retail,0.0,512.0,7414.0,0,0.0,0.0,0,0,0.0,0.0,10.0,1
94,0000c5223307907251345099bfa89315,win8defender,1.1.15100.1,4.18.1807.18075,1.273.1613.0,0,7.0,0,,53447.0,1.0,1.0,1,93,36825.0,,277.0,75,windows10,x64,10.0.0.0,17134,768,rs4,17134.1.amd64fre.rs4_release.180410-1804,Home,1.0,0,,0.0,137.0,RequireAdmin,1.0,1.0,Notebook,Windows.Desktop,1443.0,256784.0,4.0,5.0,2280.0,,305245.0,HDD,104307.0,0,3072.0,Portable,15.5,1366.0,768.0,Mobile,,0.0,10.0.17134.165,amd64,rs4_release,17134,165,Core,CORE,Refresh,8.0,31,FullAuto,0,IS_GENUINE,Retail,,0.0,Retail,,355.0,20106.0,0,,0.0,0,0,0.0,0.0,8.0,0
95,0000c56c3a31282e5093a20f20bc68ea,win8defender,1.1.15100.1,4.18.1806.18062,1.273.509.0,0,7.0,0,,53447.0,1.0,1.0,1,59,22656.0,18.0,77.0,75,windows10,x64,10.0.0.0,16299,256,rs3,16299.431.amd64fre.rs3_release_svc_escrow.180502-1908,Pro,1.0,0,,0.0,117.0,,1.0,1.0,Desktop,Windows.Desktop,1443.0,275890.0,4.0,5.0,2273.0,,152587.0,UNKNOWN,73855.0,0,4096.0,SpaceSaving,19.0,1280.0,1024.0,Desktop,,4294967295.0,10.0.16299.547,amd64,rs3_release_svc_escrow,16299,547,Professional,PROFESSIONAL,IBSClean,8.0,31,UNKNOWN,0,IS_GENUINE,Retail,,0.0,Retail,,355.0,20050.0,0,,0.0,0,0,0.0,0.0,11.0,1
96,0000c5703af40443fc31ddbe57b8bf4f,win8defender,1.1.15100.1,4.18.1807.18075,1.273.1420.0,0,7.0,0,,62773.0,1.0,1.0,1,94,,,253.0,17,windows10,x64,10.0.0.0,17134,256,rs4,17134.1.amd64fre.rs4_release.180410-1804,Pro,0.0,0,,0.0,137.0,RequireAdmin,1.0,1.0,Notebook,Windows.Desktop,1443.0,256480.0,4.0,5.0,2697.0,,476940.0,HDD,67380.0,0,4096.0,Laptop,12.7,640.0,480.0,Mobile,,0.0,10.0.17134.165,amd64,rs4_release,17134,165,Professional,PROFESSIONAL,UUPUpgrade,1.0,5,FullAuto,0,INVALID_LICENSE,Retail,,0.0,Retail,,355.0,2109.0,0,,0.0,0,0,0.0,1.0,11.0,0
97,0000c76e942d4788db6dfdd5798fee8b,win8defender,1.1.15200.1,4.18.1807.18075,1.275.727.0,0,7.0,0,,53447.0,1.0,1.0,1,70,145029.0,27.0,211.0,182,windows10,x64,10.0.0.0,16299,768,rs3,16299.15.amd64fre.rs3_release.170928-1534,Home,1.0,0,,0.0,117.0,RequireAdmin,1.0,1.0,Notebook,Windows.Desktop,2206.0,229888.0,2.0,5.0,1985.0,,476940.0,HDD,449948.0,0,4096.0,Notebook,15.5,1366.0,768.0,Mobile,lion,0.0,10.0.16299.371,amd64,rs3_release,16299,371,CoreSingleLanguage,CORE_SINGLELANGUAGE,UUPUpgrade,29.0,125,FullAuto,0,IS_GENUINE,Retail,0.0,0.0,Retail,0.0,554.0,33142.0,1,0.0,0.0,0,0,0.0,0.0,3.0,1
98,0000cbc2cc07aa89b28f2bd131b93156,win8defender,1.1.15100.1,4.18.1807.18075,1.273.1571.0,0,0.0,1,,54798.0,2.0,1.0,1,52,38044.0,,277.0,75,windows10,x64,10.0.0.0,17134,768,rs4,17134.1.amd64fre.rs4_release.180410-1804,Home,1.0,0,,0.0,137.0,RequireAdmin,1.0,1.0,Notebook,Windows.Desktop,2668.0,171341.0,4.0,5.0,2697.0,,953869.0,HDD,952592.0,1,8192.0,Notebook,15.5,1366.0,768.0,Mobile,,0.0,10.0.17134.191,amd64,rs4_release,17134,191,Core,CORE,UUPUpgrade,8.0,31,FullAuto,0,IS_GENUINE,OEM:DM,,0.0,Retail,,628.0,11380.0,1,,0.0,0,0,0.0,0.0,15.0,0
99,0000cc9bb0870e747fa9da65a7f3f5cd,win8defender,1.1.15200.1,4.18.1807.18075,1.275.1534.0,0,7.0,0,,38993.0,2.0,1.0,1,107,51402.0,27.0,138.0,134,windows10,x64,10.0.0.0,16299,768,rs3,16299.431.amd64fre.rs3_release_svc_escrow.180502-1908,Home,1.0,0,,0.0,117.0,RequireAdmin,1.0,1.0,AllInOne,Windows.Desktop,4142.0,159983.0,2.0,5.0,3448.0,,476940.0,HDD,202797.0,0,8192.0,AllinOne,23.4,1920.0,1080.0,Desktop,,4294967295.0,10.0.16299.431,amd64,rs3_release_svc_escrow,16299,431,Core,CORE,UUPUpgrade,20.0,83,Notify,0,IS_GENUINE,Retail,0.0,0.0,Retail,0.0,142.0,52138.0,1,0.0,0.0,0,0,0.0,0.0,1.0,0
